{
	"jsonid": "input_profile",
	"controller_type": "simplecontroller",

	"resource_root": "simplecontroller",
	"driver_name": "simplecontroller",
	"legacy_binding": "{simplecontroller}/input/legacy_bindings_simplecontroller.json",
	"remapping": "{simplecontroller}/input/simple_controller_remapping.json",
	"input_bindingui_mode": "controller_handed",
	"should_show_binding_errors": true,
	"input_bindingui_left": {
		"image":"simplecontroller/resources/icons/controller_status_off.png"
		//"image": "{simplecontroller}/icons/sample_controller.svg"
	},
	"input_bindingui_right": {
		"image": "{simplecontroller}/icons/sample_controller.svg"
	},
	"input_source": {
		"/input/a": {
			"binding_image_point": [ 80, 60 ],
			"type": "button",
			"click": true,
			"touch": true,
			"order": 1
		},
		"/input/trigger": {
			"binding_image_point": [ 250, 60 ],
			"type": "trigger",
			"click": true,
			"touch": true,
			"order": 2
		},
		"/output/haptic": {
			"binding_image_point": [ 300, 150 ],
			"type": "vibration",
			"order": 4
		}
	},
	"default_bindings": []
}
