{
  "to_controller_type" : "simple_controller",
  "layouts" : [
    {
      "priority" : 100,
      "from_controller_type" : "knuckles",
      "simulate_controller_type" : true,
      "simulate_render_model" : true,
      "simulate_HMD" : true,
      "autoremappings" : [
        {
          "from" : "/user/hand/right/input/grip",
          "to" : "/user/hand/right/input/grip"
        },
        {
          "from" : "/user/hand/right/input/trigger",
          "to" : "/user/hand/right/input/trigger"
        },
        {
          "from" : "/user/hand/right/input/pinch",
          "to" : "/user/hand/right/input/trigger"
        },
        {
          "from" : "/user/hand/right/input/thumbstick",
          "to" : "/user/hand/right/input/trackpad"
        },
        {
          "from" : "/user/hand/left/input/a",
          "to" : "/user/hand/left/input/application_menu"
        },
        {
          "from" : "/user/hand/left/input/b",
          "to" : "/user/hand/left/input/application_menu"
        }
      ]
    },
    {
      "priority" : 90,
      "from_controller_type" : "oculus_touch",
      "simulate_controller_type" : true,
      "simulate_render_model" : true,
      "simulate_HMD" : true,
      "autoremappings" : [
        {
          "from" : "/user/hand/right/input/grip",
          "to" : "/user/hand/right/input/grip"
        },
        {
          "from" : "/user/hand/right/input/trigger",
          "to" : "/user/hand/right/input/trigger"
        },
        {
          "from" : "/user/hand/right/input/joystick",
          "to" : "/user/hand/right/input/trackpad"
        },
        {
          "from" : "/user/hand/right/input/a",
          "to" : "/user/hand/left/input/application_menu"
        },
        {
          "from" : "/user/hand/right/input/b",
          "to" : "/user/hand/left/input/application_menu"
        },
        {
          "from" : "/user/hand/left/input/x",
          "to" : "/user/hand/left/input/application_menu"
        },
        {
          "from" : "/user/hand/left/input/y",
          "to" : "/user/hand/left/input/application_menu"
        }
      ]
    },
    {
      "priority" : 10,
      "from_controller_type" : "khr_simple_controller",
      "simulate_controller_type" : false,
      "simulate_render_model" : false,
      "simulate_HMD" : false,
      "autoremappings" : [
        {
          "from" : "/user/hand/right/input/select",
          "to" : "/user/hand/right/input/trigger"
        },
        {
          "from" : "/user/hand/right/input/menu",
          "to" : "/user/hand/right/input/application_menu"
        }
      ]
    }
  ] 
}